Lasis, Lasis, adaa@a.com, 456789-32345, 2026-02-12, 12:54
Aleks, Dzonsons, akelsGejs@draugs.lv, 456785-09876, 2000-01-20, 12:20
Amogus, Joels, adad@nigga.com, 567893-56789, 0001-10-02, 22:00
Abobus, Niggas, aaaaa@gmail.com, 456789-32975, 2000-01-01, 12:30
aaa, Bots, aa@li.com, 123456-12345, 1234-12-12, 22:10
Jana, Berzina, jana123@draugs.lv, 890123-45678, 2026-02-10, 09:15
Kristaps, Kalnins, kristaps@company.com, 901234-56789, 2026-01-05, 14:30
Ilze, Ozola, ilze99@school.lv, 912345-67890, 2025-12-01, 08:00
Martins, Jansons, martins@work.org, 923456-78901, 2025-11-20, 11:45
Ruta, Liepa, ruta1@service.com, 934567-89012, 2025-10-15, 16:20
Arturs, Balodis, arturs@home.lv, 945678-90123, 2025-09-30, 10:05
Zane, Sproge, zane7@internet.com, 956789-01234, 2026-02-14, 19:00
Edgars, Ozols, edgars3@abc.lv, 967890-12345, 2026-02-15, 07:25
Laura, Purina, laura2@domain.com, 978901-23456, 2026-01-22, 13:50
Igors, Ziverts, peteris5@net.org, 989012-34567, 2025-08-08, 18:40
